Group,Team,FIFA_Ranking
A,Qatar,50
A,Ecuador,44
A,Senegal,18
A,Netherlands,8
B,England,5
B,Iran,20
B,United States,16
B,Wales,19
C,Argentina,3
C,Saudi Arabia,51
C,Mexico,13
C,Poland,26
D,France,4
D,Australia,38
D,Denmark,10
D,Tunisia,30
E,Spain,7
E,Costa Rica,31
E,Germany,11
E,Japan,24
F,Belgium,2
F,Canada,41
F,Morocco,22
F,Croatia,12
G,Brazil,1
G,Serbia,21
G,Switzerland,15
G,Cameroon,43
H,Portugal,9
H,Ghana,61
H,Uruguay,14
H,South Korea,28